{
  "Boneyard": {
    "url": "/map-tiles/Boneyard/{z}/{y}/{x}.webp",
    "options": {
      "minNativeZoom": 0,
      "maxNativeZoom": 4,
      "bounds": [
        [
          -1850000,
          -1800000
        ],
        [
          1850000,
          1900000
        ]
      ],
      "tileSize": 512
    },
    "minZoom": -5,
    "maxZoom": 7,
    "fitBounds": [
      [
        -1850000,
        -1800000
      ],
      [
        1850000,
        1900000
      ]
    ],
    "transformation": [
      0.0001383783783783784,
      249.0810810810811,
      0.0001383783783783784,
      256
    ]
  },
  "BrokenCrown": {
    "url": "/map-tiles/BrokenCrown/{z}/{y}/{x}.webp",
    "options": {
      "minNativeZoom": 0,
      "maxNativeZoom": 4,
      "bounds": [
        [
          -1585714.2857142857,
          -1535714.2857142857
        ],
        [
          1585714.2857142857,
          1635714.2857142857
        ]
      ],
      "tileSize": 512
    },
    "minZoom": -5,
    "maxZoom": 7,
    "fitBounds": [
      [
        -1585714.2857142857,
        -1535714.2857142857
      ],
      [
        1585714.2857142857,
        1635714.2857142857
      ]
    ],
    "transformation": [
      0.00016144144144144144,
      247.92792792792793,
      0.00016144144144144144,
      256
    ]
  },
  "IsleOfDread": {
    "url": "/map-tiles/IsleOfDread/{z}/{y}/{x}.webp",
    "options": {
      "minNativeZoom": 0,
      "maxNativeZoom": 4,
      "bounds": [
        [
          -2114285.714285714,
          -2064285.714285714
        ],
        [
          2114285.714285714,
          2164285.714285714
        ]
      ],
      "tileSize": 512
    },
    "minZoom": -5,
    "maxZoom": 7,
    "fitBounds": [
      [
        -2114285.714285714,
        -2064285.714285714
      ],
      [
        2114285.714285714,
        2164285.714285714
      ]
    ],
    "transformation": [
      0.00012108108108108109,
      249.94594594594594,
      0.00012108108108108109,
      256
    ]
  },
  "JaggedMaw": {
    "url": "/map-tiles/JaggedMaw/{z}/{y}/{x}.webp",
    "options": {
      "minNativeZoom": 0,
      "maxNativeZoom": 4,
      "bounds": [
        [
          -2378571.4285714286,
          -2328571.4285714286
        ],
        [
          2378571.4285714286,
          2428571.4285714286
        ]
      ],
      "tileSize": 512
    },
    "minZoom": -5,
    "maxZoom": 7,
    "fitBounds": [
      [
        -2378571.4285714286,
        -2328571.4285714286
      ],
      [
        2378571.4285714286,
        2428571.4285714286
      ]
    ],
    "transformation": [
      0.00010762762762762762,
      250.61861861861863,
      0.00010762762762762762,
      256
    ]
  },
  "LostHope": {
    "url": "/map-tiles/LostHope/{z}/{y}/{x}.webp",
    "options": {
      "minNativeZoom": 0,
      "maxNativeZoom": 4,
      "bounds": [
        [
          -1850000,
          -1800000
        ],
        [
          1850000,
          1900000
        ]
      ],
      "tileSize": 512
    },
    "minZoom": -5,
    "maxZoom": 7,
    "fitBounds": [
      [
        -1850000,
        -1800000
      ],
      [
        1850000,
        1900000
      ]
    ],
    "transformation": [
      0.0001383783783783784,
      249.0810810810811,
      0.0001383783783783784,
      256
    ]
  },
  "SecludedGroveV2": {
    "url": "/map-tiles/SecludedGroveV2/{z}/{y}/{x}.webp",
    "options": {
      "minNativeZoom": 0,
      "maxNativeZoom": 4,
      "bounds": [
        [
          -1585714.2857142857,
          -1535714.2857142857
        ],
        [
          1585714.2857142857,
          1635714.2857142857
        ]
      ],
      "tileSize": 512
    },
    "minZoom": -5,
    "maxZoom": 7,
    "fitBounds": [
      [
        -1585714.2857142857,
        -1535714.2857142857
      ],
      [
        1585714.2857142857,
        1635714.2857142857
      ]
    ],
    "transformation": [
      0.00016144144144144144,
      247.92792792792793,
      0.00016144144144144144,
      256
    ]
  },
  "TitansCausewayV2": {
    "url": "/map-tiles/TitansCausewayV2/{z}/{y}/{x}.webp",
    "options": {
      "minNativeZoom": 0,
      "maxNativeZoom": 4,
      "bounds": [
        [
          -1585714.2857142857,
          -1535714.2857142857
        ],
        [
          1585714.2857142857,
          1635714.2857142857
        ]
      ],
      "tileSize": 512
    },
    "minZoom": -5,
    "maxZoom": 7,
    "fitBounds": [
      [
        -1585714.2857142857,
        -1535714.2857142857
      ],
      [
        1585714.2857142857,
        1635714.2857142857
      ]
    ],
    "transformation": [
      0.00016144144144144144,
      247.92792792792793,
      0.00016144144144144144,
      256
    ]
  },
  "Boneyard2v2": {
    "url": "/map-tiles/Boneyard2v2/{z}/{y}/{x}.webp",
    "options": {
      "minNativeZoom": 0,
      "maxNativeZoom": 4,
      "bounds": [
        [
          -1850000,
          -1800000
        ],
        [
          1850000,
          1900000
        ]
      ],
      "tileSize": 512
    },
    "minZoom": -5,
    "maxZoom": 7,
    "fitBounds": [
      [
        -1850000,
        -1800000
      ],
      [
        1850000,
        1900000
      ]
    ],
    "transformation": [
      0.0001383783783783784,
      249.0810810810811,
      0.0001383783783783784,
      256
    ]
  },
  "DustDevil2v2": {
    "url": "/map-tiles/DustDevil2v2/{z}/{y}/{x}.webp",
    "options": {
      "minNativeZoom": 0,
      "maxNativeZoom": 4,
      "bounds": [
        [
          -2114285.714285714,
          -2064285.714285714
        ],
        [
          2114285.714285714,
          2164285.714285714
        ]
      ],
      "tileSize": 512
    },
    "minZoom": -5,
    "maxZoom": 7,
    "fitBounds": [
      [
        -2114285.714285714,
        -2064285.714285714
      ],
      [
        2114285.714285714,
        2164285.714285714
      ]
    ],
    "transformation": [
      0.00012108108108108109,
      249.94594594594594,
      0.00012108108108108109,
      256
    ]
  },
  "Evergreen2v2": {
    "url": "/map-tiles/Evergreen2v2/{z}/{y}/{x}.webp",
    "options": {
      "minNativeZoom": 0,
      "maxNativeZoom": 4,
      "bounds": [
        [
          -1850000,
          -1800000
        ],
        [
          1850000,
          1900000
        ]
      ],
      "tileSize": 512
    },
    "minZoom": -5,
    "maxZoom": 7,
    "fitBounds": [
      [
        -1850000,
        -1800000
      ],
      [
        1850000,
        1900000
      ]
    ],
    "transformation": [
      0.0001383783783783784,
      249.0810810810811,
      0.0001383783783783784,
      256
    ]
  },
  "Vanguard01": {
    "url": "/map-tiles/Vanguard01/{z}/{y}/{x}.webp",
    "options": {
      "minNativeZoom": 0,
      "maxNativeZoom": 4,
      "bounds": [
        [
          -2114285.714285714,
          -2064285.714285714
        ],
        [
          2114285.714285714,
          2164285.714285714
        ]
      ],
      "tileSize": 512
    },
    "minZoom": -5,
    "maxZoom": 7,
    "fitBounds": [
      [
        -2114285.714285714,
        -2064285.714285714
      ],
      [
        2114285.714285714,
        2164285.714285714
      ]
    ],
    "transformation": [
      0.00012108108108108109,
      249.94594594594594,
      0.00012108108108108109,
      256
    ]
  },
  "Vanguard03": {
    "url": "/map-tiles/Vanguard03/{z}/{y}/{x}.webp",
    "options": {
      "minNativeZoom": 0,
      "maxNativeZoom": 4,
      "bounds": [
        [
          -2642857.1428571427,
          -2592857.1428571427
        ],
        [
          2642857.1428571427,
          2692857.1428571427
        ]
      ],
      "tileSize": 512
    },
    "minZoom": -5,
    "maxZoom": 7,
    "fitBounds": [
      [
        -2642857.1428571427,
        -2592857.1428571427
      ],
      [
        2642857.1428571427,
        2692857.1428571427
      ]
    ],
    "transformation": [
      0.00009686486486486486,
      251.15675675675675,
      0.00009686486486486486,
      256
    ]
  },