{
  "overland": {
    "url": "/map-tiles/overland/{z}/{y}/{x}.webp",
    "options": {
      "minNativeZoom": 0,
      "maxNativeZoom": 4,
      "bounds": [
        [
          -709500,
          -3500
        ],
        [
          105500,
          811500
        ]
      ],
      "tileSize": 512
    },
    "minZoom": -5,
    "maxZoom": 7,
    "fitBounds": [
      [
        -709500,
        -3500
      ],
      [
        105500,
        811500
      ]
    ],
    "transformation": [
      0.0006282208588957055,
      2.1987730061349566,
      0.0006282208588957055,
      445.7226993865031
    ]
  }
}