{
  "default": {
    "url": "/map-tiles/default/{z}/{y}/{x}.webp",
    "options": {
      "minNativeZoom": 0,
      "maxNativeZoom": 4,
      "bounds": [
        [
          -582888,
          -301000
        ],
        [
          335112,
          617000
        ]
      ],
      "tileSize": 512
    },
    "minZoom": 0,
    "maxZoom": 5,
    "fitBounds": [
      [
        -582888,
        -301000
      ],
      [
        335112,
        617000
      ]
    ],
    "transformation": [
      0.0005577342047930283,
      167.87799564270153,
      -0.0005577342047930283,
      186.90342483660132
    ]
  }
}