{
  "HFS01": {
    "url": "/map-tiles/HFS01/{z}/{y}/{x}.webp",
    "options": {
      "minNativeZoom": 0,
      "maxNativeZoom": 1,
      "bounds": [
        [
          -293218.12,
          -242378.45
        ],
        [
          90838.78000000001,
          141678.45
        ]
      ],
      "tileSize": 512
    },
    "minZoom": -5,
    "maxZoom": 7,
    "fitBounds": [
      [
        -293218.12,
        -242378.45
      ],
      [
        90838.78000000001,
        141678.45
      ]
    ],
    "transformation": [
      0.0013331357931598157,
      323.1233871855967,
      -0.0013331357931598157,
      390.89957097503
    ]
  }
}