{
  "HFM02": {
    "url": "/map-tiles/HFM02/{z}/{y}/{x}.webp",
    "options": {
      "minNativeZoom": 0,
      "maxNativeZoom": 1,
      "bounds": [
        [
          -134954.12,
          -134954.12
        ],
        [
          134954.12,
          134954.12
        ]
      ],
      "tileSize": 512
    },
    "minZoom": -5,
    "maxZoom": 7,
    "fitBounds": [
      [
        -156849.58200000002,
        -68984.032
      ],
      [
        140049.48200000002,
        74030.67
      ]
    ],
    "transformation": [
      0.0018969409751995717,
      256,
      -0.0018969409751995717,
      256
    ]
  },
  "HFS01": {
    "url": "/map-tiles/HFS01/{z}/{y}/{x}.webp",
    "options": {
      "minNativeZoom": 0,
      "maxNativeZoom": 1,
      "bounds": [
        [
          -62123.5565,
          -62123.5565
        ],
        [
          62123.5565,
          62123.5565
        ]
      ],
      "tileSize": 512
    },
    "minZoom": -5,
    "maxZoom": 7,
    "fitBounds": [
      [
        -91427.19165,
        -38694.27365
      ],
      [
        45244.63265,
        96841.60565
      ]
    ],
    "transformation": [
      0.004120820095031102,
      256,
      -0.004120820095031102,
      256
    ]
  }
}