{
  "HFS01": {
    "url": "/map-tiles/HFS01/{z}/{y}/{x}.webp",
    "options": {
      "minNativeZoom": 0,
      "maxNativeZoom": 1,
      "bounds": [
        [
          -62123.5565,
          -62123.5565
        ],
        [
          62123.5565,
          62123.5565
        ]
      ],
      "tileSize": 512
    },
    "minZoom": -5,
    "maxZoom": 7,
    "fitBounds": [
      [
        -91427.19165,
        -38694.27365
      ],
      [
        45244.63265,
        96841.60565
      ]
    ],
    "transformation": [
      0.004120820095031102,
      256,
      -0.004120820095031102,
      256
    ]
  }
}