{
  "VillageWorld": {
    "url": "/map-tiles/VillageWorld/{z}/{y}/{x}.webp",
    "options": {
      "minNativeZoom": 0,
      "maxNativeZoom": 3,
      "bounds": [
        [
          -68999,
          -59999
        ],
        [
          52999,
          61999
        ]
      ],
      "tileSize": 512
    },
    "minZoom": -5,
    "maxZoom": 7,
    "fitBounds": [
      [
        -68999,
        -59999
      ],
      [
        52999,
        61999
      ]
    ],
    "transformation": [
      0.00419672131147541,
      251.80327868852459,
      0.00419672131147541,
      289.57377049180326
    ]
  },
  "AdventureZoneWorld": {
    "url": "/map-tiles/AdventureZoneWorld/{z}/{y}/{x}.webp",
    "options": {
      "minNativeZoom": 0,
      "maxNativeZoom": 3,
      "bounds": [
        [
          -129947,
          31292.997999999992
        ],
        [
          30307.002000000008,
          191547
        ]
      ],
      "tileSize": 512
    },
    "minZoom": -5,
    "maxZoom": 7,
    "fitBounds": [
      [
        -129947,
        31292.997999999992
      ],
      [
        30307.002000000008,
        191547
      ]
    ],
    "transformation": [
      0.003194888139041432,
      -99.97443325710816,
      0.003194888139041432,
      415.16932389215594
    ]
  },
  "MajiMarket": {
    "url": "/map-tiles/MajiMarket/{z}/{y}/{x}.webp",
    "options": {
      "minNativeZoom": 0,
      "maxNativeZoom": 2,
      "bounds": [
        [
          -23099,
          -22429
        ],
        [
          28499,
          29169
        ]
      ],
      "tileSize": 512
    },
    "minZoom": -5,
    "maxZoom": 7,
    "fitBounds": [
      [
        -23099,
        -22429
      ],
      [
        28499,
        29169
      ]
    ],
    "transformation": [
      0.00992248062015504,
      222.56124031007752,
      0.00992248062015504,
      229.2093023255814
    ]
  },
  "HousingPlot": {
    "url": "/map-tiles/HousingPlot/{z}/{y}/{x}.webp",
    "options": {
      "minNativeZoom": 0,
      "maxNativeZoom": 2,
      "bounds": [
        [
          -46349,
          -45999
        ],
        [
          45649,
          45999
        ]
      ],
      "tileSize": 512
    },
    "minZoom": -5,
    "maxZoom": 7,
    "fitBounds": [
      [
        -46349,
        -45999
      ],
      [
        45649,
        45999
      ]
    ],
    "transformation": [
      0.005565217391304348,
      256,
      0.005565217391304348,
      257.9478260869565
    ]
  },
  "AirTemple": {
    "url": "/map-tiles/AirTemple/{z}/{y}/{x}.webp",
    "options": {
      "minNativeZoom": 0,
      "maxNativeZoom": 3,
      "bounds": [
        [
          -7499,
          -7499
        ],
        [
          7499,
          7499
        ]
      ],
      "tileSize": 512
    },
    "minZoom": -5,
    "maxZoom": 7,
    "fitBounds": [
      [
        -7499,
        -7499
      ],
      [
        7499,
        7499
      ]
    ],
    "transformation": [
      0.034133333333333335,
      256,
      0.034133333333333335,
      256
    ]
  },
  "FireTemple": {
    "url": "/map-tiles/FireTemple/{z}/{y}/{x}.webp",
    "options": {
      "minNativeZoom": 0,
      "maxNativeZoom": 3,
      "bounds": [
        [
          -7499,
          -7499
        ],
        [
          7499,
          7499
        ]
      ],
      "tileSize": 512
    },
    "minZoom": -5,
    "maxZoom": 7,
    "fitBounds": [
      [
        -7499,
        -7499
      ],
      [
        7499,
        7499
      ]
    ],
    "transformation": [
      0.034133333333333335,
      256,
      0.034133333333333335,
      256
    ]
  },
  "EarthTemple": {
    "url": "/map-tiles/EarthTemple/{z}/{y}/{x}.webp",
    "options": {
      "minNativeZoom": 0,
      "maxNativeZoom": 3,
      "bounds": [
        [
          -7499,
          -7499
        ],
        [
          7499,
          7499
        ]
      ],
      "tileSize": 512
    },
    "minZoom": -5,
    "maxZoom": 7,
    "fitBounds": [
      [
        -7499,
        -7499
      ],
      [
        7499,
        7499
      ]
    ],
    "transformation": [
      0.034133333333333335,
      256,
      0.034133333333333335,
      256
    ]
  },
  "WaterTemple": {
    "url": "/map-tiles/WaterTemple/{z}/{y}/{x}.webp",
    "options": {
      "minNativeZoom": 0,
      "maxNativeZoom": 3,
      "bounds": [
        [
          -7499,
          -7499
        ],
        [
          7499,
          7499
        ]
      ],
      "tileSize": 512
    },
    "minZoom": -5,
    "maxZoom": 7,
    "fitBounds": [
      [
        -7499,
        -7499
      ],
      [
        7499,
        7499
      ]
    ],
    "transformation": [
      0.034133333333333335,
      256,
      0.034133333333333335,
      256
    ]
  }
}